<?xml version="1.0" encoding="utf-8" ?>
<markers>
<marker lid="7711" cid="321" cat_title="拠点避難所" title="野々市小学校" yomi="ののいちしょうがっこう" adress="野々市市本町5-3-1" zip="" phone="076-248-0084" fax="076-294-2510" email="" lat="36.5319906800" lng="136.6092836000" url="http://education.city.nonoichi.ishikawa.jp/nonoichisyo/" update="1369987294" openhours="" holidays="" fee="" description="面積９９０平方メートル 収容人員３９０人 本町４丁目、本町５丁目、白山町、太平寺" type="0" />
<marker lid="168" cid="321" cat_title="拠点避難所" title="御園小学校" yomi="みそのしょうがっこう" adress="野々市市稲荷4-128" zip="" phone="076-248-3201" fax="076-294-5463" email="" lat="36.5376699900" lng="136.6045637000" url="http://education.city.nonoichi.ishikawa.jp/misonosyo/" update="1370056202" openhours="" holidays="" fee="" description="面積810平方メートル 収容人員320人 稲荷、三日市町、三日市新町、二日市町、徳用町、長池、郷町、野代、御経塚、あやめ、あすなろ団地" type="0" />
<marker lid="169" cid="321" cat_title="拠点避難所" title="菅原小学校" yomi="すがはらしょうがっこう" adress="野々市市菅原20-1" zip="" phone="076-246-6066" fax="076-294-2512" email="" lat="36.5253815000" lng="136.6159633000" url="http://education.city.nonoichi.ishikawa.jp/sugaharasyo/" update="1370056356" openhours="" holidays="" fee="" description="面積930平方メートル 収容人員370人 本町３丁目、住吉町、菅原町、菅原団地" type="0" />
<marker lid="170" cid="321" cat_title="拠点避難所" title="富陽小学校" yomi="ふようしょうがっこう" adress="野々市市中林5-70" zip="" phone="076-246-4380" fax="076-294-5449" email="" lat="36.5130826100" lng="136.6040249000" url="http://education.city.nonoichi.ishikawa.jp/fuyousyo/" update="1370056500" openhours="" holidays="" fee="" description="面積950平方メートル 収容人員380人 中林丸の内、藤平、新庄、粟田" type="0" />
<marker lid="171" cid="321" cat_title="拠点避難所" title="館野小学校" yomi="たちのしょうがっこう" adress="野々市市押野3-71" zip="" phone="076-248-0622" fax="076-294-2518" email="" lat="36.5406198900" lng="136.6171925000" url="http://education.city.nonoichi.ishikawa.jp/tachinosyo/" update="1370056657" openhours="" holidays="" fee="" description="面積780平方メートル 収容人員310人 本町１丁目、本町１丁目県住、横宮町、押野、丸木" type="0" />
<marker lid="172" cid="321" cat_title="拠点避難所" title="野々市中学校" yomi="ののいちちゅうがっこう" adress="野々市市三納３丁目１" zip="" phone="076-246-0115" fax="076-294-5427" email="" lat="36.5246214500" lng="136.6084340000" url="http://education.city.nonoichi.ishikawa.jp/nonoichityu/" update="1370056841" openhours="" holidays="" fee="" description="面積1200平方メートル 収容人員480人 三納、位川、藤平田、藤平田２丁目、矢作" type="0" />
<marker lid="173" cid="321" cat_title="拠点避難所" title="布水中学校" yomi="ふすいちゅうがっこう" adress="野々市市押野2-100" zip="" phone="076-248-0039" fax="076-294-5419" email="" lat="36.5388400000" lng="136.6124430000" url="http://education.city.nonoichi.ishikawa.jp/fusuityu/" update="1370056987" openhours="" holidays="" fee="" description="面積860平方メートル 収容人員340人 本町６丁目、若松町、押越" type="0" />
<marker lid="10840" cid="321" cat_title="拠点避難所" title="金沢工業大学" yomi="かなざわこうぎょうだいがく" adress="野々市市扇が丘7-1" zip="" phone="076-248-1100" fax="" email="" lat="36.5288725200" lng="136.6269851000" url="http://www.kanazawa-it.ac.jp/" update="1370057342" openhours="" holidays="" fee="" description="面積2170平方メートル 収容人員860人 本町２丁目、高橋町、扇が丘" type="0" />
<marker lid="10841" cid="321" cat_title="拠点避難所" title="石川県立大学" yomi="いしかわけんりつだいがく" adress="野々市市末松１丁目308" zip="" phone="076-227-7220" fax="" email="" lat="36.5074199200" lng="136.5971267000" url="http://www.ishikawa-pu.ac.jp/" update="1370057550" openhours="" holidays="" fee="" description="面積920平方メートル 収容人員360人 上林、中林、末松、清金" type="0" />
<marker lid="10842" cid="321" cat_title="拠点避難所" title="野々市明倫高校" yomi="ののいちめいりんこうこう" adress="野々市市下林３丁目309" zip="" phone="076-246-3191" fax="" email="" lat="36.5258334700" lng="136.6008121000" url="http://www.ishikawa-c.ed.jp/~meirih/" update="1370057778" openhours="" holidays="" fee="" description="面積2450平方メートル 収容人員980人 下林、清金３丁目、堀内、堀内新町、田尻町、蓮花寺町、柳町" type="0" />
</markers>

